n	Filename	Lead	Year	Expt	Site	Temp	PlantType	Type	OI	Sample	Sample2	nomatch	DNLeaf	DN	Tissue	SampleDate_text	SampleDate_format	Date	RunDate_text	RunDate	GCOrder	Drop	Notes
37	Air1renamedJuly25_08312018.qgd	Air1renamedJuly25	2018	otc	GNA		agg	Air	air	1	Air1			day	air	July25	Jul 25 2018	2018-07-25	8312018	2018-08-31			
39	Air2renamedJuly25_08312018.qgd	Air2renamedJuly25	2018	otc	GNA		agg	Air	air	2	Air2			day	air	July25	Jul 25 2018	2018-07-25	8312018	2018-08-31			
38	Air2July25redo_08312018.qgd	Air2July25redo	2018	otc	GNA		agg	Air	air	2redo	Air2redo			day	air	July25redo	Jul 25 2018	2018-07-25	8312018	2018-08-31			
42	Air3renamedJuly25_08312018.qgd	Air3renamedJuly25	2018	otc	GNA		agg	Air	air	3	Air3			day	air	July25	Jul 25 2018	2018-07-25	8312018	2018-08-31			
53	AirlastJuly25_08312018.qgd	AirlastJuly25	2018	otc	GNA		agg	Air	air	last	Airlast	nm		day	air	July25	Jul 25 2018	2018-07-25	8312018	2018-08-31			
54	AirNrenamedJuly25_08312018.qgd	AirNrenamedJuly25	2018	otc	GNA		agg	Air	air	N	AirN			day	air	July25	Jul 25 2018	2018-07-25	8312018	2018-08-31			
114	NatAreaA1DJul25_08302018.qgd	NatAreaA1DJul25	2018	otc	GNA		agg	NatArea	in	A1D	A1		day	day	flower	Jul25	Jul 25 2018	2018-07-25	8302018	2018-08-30			
115	NatAreaA2DJul25_08302018.qgd	NatAreaA2DJul25	2018	otc	GNA		agg	NatArea	in	A2D	A2		day	day	flower	Jul25	Jul 25 2018	2018-07-25	8302018	2018-08-30			
116	NatAreaB1DJul25_08302018.qgd	NatAreaB1DJul25	2018	otc	GNA		agg	NatArea	in	B1D	B1		day	day	flower	Jul25	Jul 25 2018	2018-07-25	8302018	2018-08-30			
117	NatAreaB2DJul25_08302018.qgd	NatAreaB2DJul25	2018	otc	GNA		agg	NatArea	in	B2D	B2		day	day	flower	Jul25	Jul 25 2018	2018-07-25	8302018	2018-08-30			
118	NatAreaC1DJul25_08302018.qgd	NatAreaC1DJul25	2018	otc	GNA		agg	NatArea	in	C1D	C1		day	day	flower	Jul25	Jul 25 2018	2018-07-25	8302018	2018-08-30			
119	NatAreaC2DJul25_08302018.qgd	NatAreaC2DJul25	2018	otc	GNA		agg	NatArea	in	C2D	C2		day	day	flower	Jul25	Jul 25 2018	2018-07-25	8302018	2018-08-30			
120	NatAreaC3DJuly25_08312018.qgd	NatAreaC3DJuly25	2018	otc	GNA		agg	NatArea	in	C3D	C3		day	day	flower	July25	Jul 25 2018	2018-07-25	8312018	2018-08-31		1	redone
121	redo	NatAreaC3DJuly25redo	2018	otc	GNA		agg	NatArea	in	C3D	C3		day	day	flower	July25redo	Jul 25 2018	2018-07-25	8312018	2018-08-31			redone
122	NatAreaD1DJul25_08302018.qgd	NatAreaD1DJul25	2018	otc	GNA		agg	NatArea	in	D1D	D1		day	day	flower	Jul25	Jul 25 2018	2018-07-25	8302018	2018-08-30			
123	NatAreaD2DJul25_08302018.qgd	NatAreaD2DJul25	2018	otc	GNA		agg	NatArea	in	D2D	D2		day	day	flower	Jul25	Jul 25 2018	2018-07-25	8302018	2018-08-30			
124	NatAreaD3DJul25_08302018.qgd	NatAreaD3DJul25	2018	otc	GNA		agg	NatArea	in	D3D	D3		day	day	flower	Jul25	Jul 25 2018	2018-07-25	8302018	2018-08-30			
126	NatAreaE1DJul25_08302018.qgd	NatAreaE1DJul25	2018	otc	GNA		agg	NatArea	in	E1D	E1		day	day	flower	Jul25	Jul 25 2018	2018-07-25	8302018	2018-08-30			
127	NatAreaE2DJul25_08302018.qgd	NatAreaE2DJul25	2018	otc	GNA		agg	NatArea	in	E2D	E2		day	day	flower	Jul25	Jul 25 2018	2018-07-25	8302018	2018-08-30			
128	NatAreaE3DJul25_08302018.qgd	NatAreaE3DJul25	2018	otc	GNA		agg	NatArea	in	E3D	E3		day	day	flower	Jul25	Jul 25 2018	2018-07-25	8302018	2018-08-30			
130	NatAreaKM10A1Jul25_08302018.qgd	NatAreaKM10A1Jul25	2018	otc	GNA		agg	NatArea	in	KM10A1	KM10A1		day	day	flower	Jul25	Jul 25 2018	2018-07-25	8302018	2018-08-30			
131	NatAreaKM10B2renamedJuly25_08312018.qgd	NatAreaKM10B2renamedJuly25	2018	otc	GNA		agg	NatArea	in	KM10B2	KM10B2		day	day	flower	July25	Jul 25 2018	2018-07-25	8312018	2018-08-31			
132	NatAreaKM10C1Jul25_08302018.qgd	NatAreaKM10C1Jul25	2018	otc	GNA		agg	NatArea	in	KM10C1	KM10C1		day	day	flower	Jul25	Jul 25 2018	2018-07-25	8302018	2018-08-30			
133	NatAreaKM10C2Jul25_08302018.qgd	NatAreaKM10C2Jul25	2018	otc	GNA		agg	NatArea	in	KM10C2	KM10C2		day	day	flower	Jul25	Jul 25 2018	2018-07-25	8302018	2018-08-30			
134	NatAreaKM10D1renamedJuly25_08312018.qgd	NatAreaKM10D1renamedJuly25	2018	otc	GNA		agg	NatArea	in	KM10D1	KM10D1		day	day	flower	July25	Jul 25 2018	2018-07-25	8312018	2018-08-31			
139	NatAreaKM13B1renamedJuly25_08312018.qgd	NatAreaKM13B1renamedJuly25	2018	otc	GNA		agg	NatArea	in	KM13B1	KM13B1		day	day	flower	July25	Jul 25 2018	2018-07-26	8312018	2018-08-31			
142	NatAreaKM14A1renamedJuly25_08312018.qgd	NatAreaKM14A1renamedJuly25	2018	otc	GNA		agg	NatArea	in	KM14A1	KM14A1		day	day	flower	July25	Jul 25 2018	2018-07-25	8312018	2018-08-31			
143	NatAreaKM14C1renamedJuly25_08312018.qgd	NatAreaKM14C1renamedJuly25	2018	otc	GNA		agg	NatArea	in	KM14C1	KM14C1		day	day	flower	July25	Jul 25 2018	2018-07-25	8312018	2018-08-31			
146	NatAreaX02DJul25_08302018.qgd	NatAreaX02DJul25	2018	otc	GNA		agg	NatArea	in	X02D	X02		day	day	flower	Jul25	Jul 25 2018	2018-07-25	8302018	2018-08-30			
147	NatAreaXUP01July25_08312018.qgd	NatAreaXUP01July25	2018	otc	GNA		agg	NatArea	in	XUP01	XUP01	nm	day	day	flower	July25	Jul 25 2018	2018-07-25	8312018	2018-08-31			
100	NatArea112renamedJuly25_08312018.qgd	NatArea112renamedJuly25	2018	otc	GNA		agg	NatArea	out	112	112		day	day	flower	July25	Jul 25 2018	2018-07-25	8312018	2018-08-31			
103	NatArea120renamedJuly25_08312018.qgd	NatArea120renamedJuly25	2018	otc	GNA		agg	NatArea	out	120	120		day	day	flower	July25	Jul 25 2018	2018-07-25	8312018	2018-08-31			
106	NatArea1402renamedJuly25_08312018.qgd	NatArea1402renamedJuly25	2018	otc	GNA		agg	NatArea	out	1402	KM1402		day	day	flower	July25	Jul 25 2018	2018-07-25	8312018	2018-08-31			
101	NatArea116DJul25_08302018.qgd	NatArea116DJul25	2018	otc	GNA		agg	NatArea	out	116D	116		day	day	flower	Jul25	Jul 25 2018	2018-07-25	8302018	2018-08-30			
105	NatArea136DJul25_08302018.qgd	NatArea136DJul25	2018	otc	GNA		agg	NatArea	out	136D	136		day	day	flower	Jul25	Jul 25 2018	2018-07-25	8302018	2018-08-30			
107	NatArea20DJul25_08302018.qgd	NatArea20DJul25	2018	otc	GNA		agg	NatArea	out	20D	20		day	day	flower	Jul25	Jul 25 2018	2018-07-25	8302018	2018-08-30			
108	NatArea219DJul25_08302018.qgd	NatArea219DJul25	2018	otc	GNA		agg	NatArea	out	219D	219		day	day	flower	Jul25	Jul 25 2018	2018-07-25	8302018	2018-08-30			
109	NatArea320DJul25_08302018.qgd	NatArea320DJul25	2018	otc	GNA		agg	NatArea	out	320D	320		day	day	flower	Jul25	Jul 25 2018	2018-07-25	8302018	2018-08-30			
110	NatArea370DJul25_08302018.qgd	NatArea370DJul25	2018	otc	GNA		agg	NatArea	out	370D	370		day	day	flower	Jul25	Jul 25 2018	2018-07-25	8302018	2018-08-30			
111	NatArea394DJul25_08302018.qgd	NatArea394DJul25	2018	otc	GNA		agg	NatArea	out	394D	394		day	day	flower	Jul25	Jul 25 2018	2018-07-25	8302018	2018-08-30			
112	NatArea69DJul25_08302018.qgd	NatArea69DJul25	2018	otc	GNA		agg	NatArea	out	69D	69		day	day	flower	Jul25	Jul 25 2018	2018-07-25	8302018	2018-08-30			
136	NatAreaKM114renamedJuly25_08312018.qgd	NatAreaKM114renamedJuly25	2018	otc	GNA		agg	NatArea	out	KM114	114		day	day	flower	July25	Jul 25 2018	2018-07-25	8312018	2018-08-31			
141	NatAreaKM1401renamedJuly25_08312018.qgd	NatAreaKM1401renamedJuly25	2018	otc	GNA		agg	NatArea	out	KM1401	KM1401		day	day	flower	July25	Jul 25 2018	2018-07-25	8312018	2018-08-31			
113	NatArea69leafrenamedJuly25_08312018.qgd	NatArea69leafrenamedJuly25	2018	otc	GNA		agg	NatArea	out	69	69		leaf	day	leaf	July25	Jul 25 2018	2018-07-25	8312018	2018-08-31			
52	AirJuly26_08312018.qgd	AirJuly26	2018	otc	GNA		agg	Air	air		Air		day	day	air	July26	Jul 26 2018	2018-07-26	8312018	2018-08-31			
102	NatArea11C2July26_08312018.qgd	NatArea11C2July26	2018	otc	GNA		agg	NatArea	in	11C2	KM11C2		day	day	flower	July26	Jul 26 2018	2018-07-26	8312018	2018-08-31			
125	NatAreaD3July26_08312018.qgd	NatAreaD3July26	2018	otc	GNA		agg	NatArea	in	D3	D3		day	day	flower	July26	Jul 26 2018	2018-07-26	8312018	2018-08-31			
137	NatAreaKM11C1renamedJuly26_08312018.qgd	NatAreaKM11C1renamedJuly26	2018	otc	GNA		agg	NatArea	in	KM11C1	KM11C1		day	day	flower	July26	Jul 26 2018	2018-07-26	8312018	2018-08-31			
138	NatAreaKM13A1July26_08312018.qgd	NatAreaKM13A1July26	2018	otc	GNA		agg	NatArea	in	KM13A1	KM13A1		day	day	flower	July26	Jul 26 2018	2018-07-26	8312018	2018-08-31			
140	NatAreaKM13C1July26_08312018.qgd	NatAreaKM13C1July26	2018	otc	GNA		agg	NatArea	in	KM13C1	KM13C1		day	day	flower	July26	Jul 26 2018	2018-07-26	8312018	2018-08-31			
144	NatAreaKM4A1July26_08312018.qgd	NatAreaKM4A1July26	2018	otc	GNA		agg	NatArea	in	KM4A1	KM4A1		day	day	flower	July26	Jul 26 2018	2018-07-26	8312018	2018-08-31			
145	NatAreaKM4B1July26_08312018.qgd	NatAreaKM4B1July26	2018	otc	GNA		agg	NatArea	in	KM4B1	KM4B1		day	day	flower	July26	Jul 26 2018	2018-07-26	8312018	2018-08-31			
104	NatArea1301renamedJuly26_08312018.qgd	NatArea1301renamedJuly26	2018	otc	GNA		agg	NatArea	out	1301	KM1301		day	day	flower	July26	Jul 26 2018	2018-07-26	8312018	2018-08-31			
129	NatAreaKM0401July26_08312018.qgd	NatAreaKM0401July26	2018	otc	GNA		agg	NatArea	out	KM0401	KM40401		day	day	flower	July26	Jul 26 2018	2018-07-26	8312018	2018-08-31			
135	NatAreaKM11101July26_08312018.qgd	NatAreaKM11101July26	2018	otc	GNA		agg	NatArea	out	KM11101	KM1101		day	day	flower	July26	Jul 26 2018	2018-07-26	8312018	2018-08-31			
86	CWF1July27_09022018.qgd	CWF1July27	2018	otc	bb		agg	bb	in	F1	F1		day	day	flower	July27	Jul 27 2018	2018-07-27	9022018	2018-09-02			
87	CWF2July27_09022018.qgd	CWF2July27	2018	otc	bb		agg	bb	in	F2	F2		day	day	flower	July27	Jul 27 2018	2018-07-27	9022018	2018-09-02			
88	CWF3July27_09022018.qgd	CWF3July27	2018	otc	bb		agg	bb	in	F3	F3		day	day	flower	July27	Jul 27 2018	2018-07-27	9022018	2018-09-02			
89	CWG1July27_09022018.qgd	CWG1July27	2018	otc	bb		agg	bb	in	G1	G1		day	day	flower	July27	Jul 27 2018	2018-07-27	9022018	2018-09-02			
90	CWG2July27_09022018.qgd	CWG2July27	2018	otc	bb		agg	bb	in	G2	G2		day	day	flower	July27	Jul 27 2018	2018-07-27	9022018	2018-09-02			
91	CWG3July27_09022018.qgd	CWG3July27	2018	otc	bb		agg	bb	in	G3	G3		day	day	flower	July27	Jul 27 2018	2018-07-27	9022018	2018-09-02			
92	CWH1July27_09022018.qgd	CWH1July27	2018	otc	bb		agg	bb	in	H1	H1		day	day	flower	July27	Jul 27 2018	2018-07-27	9022018	2018-09-02			
94	CWI1July27_09012018.qgd	CWI1July27	2018	otc	bb		agg	bb	in	I1	I1		day	day	flower	July27	Jul 27 2018	2018-07-27	9012018	2018-09-01			
95	CWI2July27_09022018.qgd	CWI2July27	2018	otc	bb		agg	bb	in	I2	I2		day	day	flower	July27	Jul 27 2018	2018-07-27	9022018	2018-09-02			
96	CWI3July27_09022018.qgd	CWI3July27	2018	otc	bb		agg	bb	in	I3	I3		day	day	flower	July27	Jul 27 2018	2018-07-27	9022018	2018-09-02			
97	CWJ1renamedJuly27_09022018.qgd	CWJ1renamedJuly27	2018	otc	bb		agg	bb	in	J1	J1		day	day	flower	July27	Jul 27 2018	2018-07-27	9022018	2018-09-02			
98	CWJ2renamedJuly27_09022018.qgd	CWJ2renamedJuly27	2018	otc	bb		agg	bb	in	J2	J2		day	day	flower	July27	Jul 27 2018	2018-07-27	9022018	2018-09-02			
99	CWJ3renamedJuly27_09022018.qgd	CWJ3renamedJuly27	2018	otc	bb		agg	bb	in	J3	J3		day	day	flower	July27	Jul 27 2018	2018-07-27	9022018	2018-09-02			
93	CWH1LeafJuly27_09022018.qgd	CWH1LeafJuly27	2018	otc	bb		agg	bb	in	H1	H1		leaf	day	leaf	July27	Jul 27 2018	2018-07-27	9022018	2018-09-02			
36	Air1July27redo_09022018.qgd	Air1July27redo	2018	otc	bb		agg	Air	air	1	Air1		day	day	air	July27redo	Jul 27 2018	2018-07-27	9022018	2018-09-02			
40	Air2renamedJuly27_09022018.qgd	Air2renamedJuly27	2018	otc	bb		agg	Air	air	2	Air2		day	day	air	July27	Jul 27 2018	2018-07-27	9022018	2018-09-02			
41	Air3July27_09022018.qgd	Air3July27	2018	otc	bb		agg	Air	air	3	Air3		day	day	air	July27	Jul 27 2018	2018-07-27	9022018	2018-09-02			
43	Air4July27_09022018.qgd	Air4July27	2018	otc	bb		agg	Air	air	4	Air4		day	day	air	July27	Jul 27 2018	2018-07-27	9022018	2018-09-02			
76	CWbb14renamedJuly27_09022018.qgd	CWbb14renamedJuly27	2018	otc	bb		agg	bb	out	14	14		day	day	flower	July27	Jul 27 2018	2018-07-27	9022018	2018-09-02			
77	CWbb15renamedJuly27_09022018.qgd	CWbb15renamedJuly27	2018	otc	bb		agg	bb	out	15	15		day	day	flower	July27	Jul 27 2018	2018-07-27	9022018	2018-09-02			
73	CWbb10July27_09012018.qgd	CWbb10July27	2018	otc	bb		agg	bb	out	10	10		day	day	flower	July27	Jul 27 2018	2018-07-27	9012018	2018-09-01			
74	CWbb123July27_09022018.qgd	CWbb123July27	2018	otc	bb		agg	bb	out	123	123		day	day	flower	July27	Jul 27 2018	2018-07-27	9022018	2018-09-02			
75	CWbb13July27renamed_09022018.qgd	CWbb13July27renamed	2018	otc	bb		agg	bb	out	13	13		day	day	flower	July27renamed	Jul 27 2018	2018-07-27	9022018	2018-09-02			
78	CWbb2July27_09022018.qgd	CWbb2July27	2018	otc	bb		agg	bb	out	2	2		day	day	flower	July27	Jul 27 2018	2018-07-27	9022018	2018-09-02			
81	CWbb3July27_09022018.qgd	CWbb3July27	2018	otc	bb		agg	bb	out	3	3		day	day	flower	July27	Jul 27 2018	2018-07-27	9022018	2018-09-02			
79	CWbb348July27_09022018.qgd	CWbb348July27	2018	otc	bb		agg	bb	out	348	348		day	day	flower	July27	Jul 27 2018	2018-07-27	9022018	2018-09-02			
80	CWbb353July27_09022018.qgd	CWbb353July27	2018	otc	bb		agg	bb	out	353	353		day	day	flower	July27	Jul 27 2018	2018-07-27	9022018	2018-09-02			
82	CWbb4July27_09022018.qgd	CWbb4July27	2018	otc	bb		agg	bb	out	4	4		day	day	flower	July27	Jul 27 2018	2018-07-27	9022018	2018-09-02			
83	CWbb5July27_09022018.qgd	CWbb5July27	2018	otc	bb		agg	bb	out	5	5		day	day	flower	July27	Jul 27 2018	2018-07-27	9022018	2018-09-02			
84	CWbb6July27_09022018.qgd	CWbb6July27	2018	otc	bb		agg	bb	out	6	6		day	day	flower	July27	Jul 27 2018	2018-07-27	9022018	2018-09-02			
85	CWbb9July27_09012018.qgd	CWbb9July27	2018	otc	bb		agg	bb	out	9	9		day	day	flower	July27	Jul 27 2018	2018-07-27	9012018	2018-09-01			
212	Air1_190731_872019_06.qgd	Air1	2019	otc	GNA		agg	Air	air	Air1	Air1		day	day	air	190731	07-31-19	2019-07-31	872019	2019-08-07	6		
298	OTC_X1_190731_872019_16.qgd	OTC_X1	2019	otc	GNA		agg	OTC	in	X1	X1		day	day	flower	190731	07-31-19	2019-07-31	872019	2019-08-07	16		
299	OTC_X2_1907231_882019_20.qgd	OTC	2019	otc	GNA		agg	OTC	in	X2	X2		day	day	flower	1907231	07-23-19	2019-07-31	882019	2019-08-08	20		redo?
300	OTC_X2_190731_872019_17.qgd	OTC_X2	2019	otc	GNA		agg	OTC	in	X2	X2		day	day	flower	190731	07-31-19	2019-07-31	872019	2019-08-07	17	1	redone?
303	OTC_Y1_190731_872019_09.qgd	OTC_Y1	2019	otc	GNA		agg	OTC	in	Y1	Y1		day	day	flower	190731	07-31-19	2019-07-31	872019	2019-08-07	9		
305	OTC_Y2_190731_872019_12.qgd	OTC_Y2	2019	otc	GNA		agg	OTC	in	Y2	Y2		day	day	flower	190731	07-31-19	2019-07-31	872019	2019-08-07	12		
307	OTC_Z1_190731_872019_08.qgd	OTC_Z1	2019	otc	GNA		agg	OTC	in	Z1	Z1		day	day	flower	190731	07-31-19	2019-07-31	872019	2019-08-07	8		
309	OTC_Z2_190731_872019_11.qgd	OTC_Z2	2019	otc	GNA		agg	OTC	in	Z2	Z2		day	day	flower	190731	07-31-19	2019-07-31	872019	2019-08-07	11		
311	OTC_Z3_190731_872019_14.qgd	OTC_Z3	2019	otc	GNA		agg	OTC	in	Z3	Z3		day	day	flower	190731	07-31-19	2019-07-31	872019	2019-08-07	14		
312	OTC_Z3_190805_8102019_24.qgd	OTC	2019	otc	GNA		agg	OTC	in	Z3	Z3		day	day	flower	190805	08-05-19	2019-08-05	8102019	2019-08-10	24	1	redone. changed Date 7/31 to 8/5
313	OTCredo_Z3_190805_8112019_24.qgd	OTCredo	2019	otc	GNA		agg	OTC	in	Z3redo	Z3redo		day	day	leaf	190805	08-05-19	2019-08-05	8112019	2019-08-11	24		redo
242	GNA1_190731_872019_07.qgd	GNA1	2019	otc	GNA		agg	GNA	out	1	1		day	day	flower	190731	07-31-19	2019-07-31	872019	2019-08-07	7		
245	GNA2_190731_872019_10.qgd	GNA2	2019	otc	GNA		agg	GNA	out	2	2		day	day	flower	190731	07-31-19	2019-07-31	872019	2019-08-07	10		
247	GNA3_190731_872019_13.qgd	GNA3	2019	otc	GNA		agg	GNA	out	3	3		day	day	flower	190731	07-31-19	2019-07-31	872019	2019-08-07	13		
249	GNA4_190731_872019_15.qgd	GNA4	2019	otc	GNA		agg	GNA	out	4	4		day	day	flower	190731	07-31-19	2019-07-31	872019	2019-08-07	15		
251	GNA5_190731_872019_18.qgd	GNA5	2019	otc	GNA		agg	GNA	out	5	5		day	day	flower	190731	07-31-19	2019-07-31	872019	2019-08-07	18		
254	GNA6_190731_872019_19.qgd	GNA6	2019	otc	GNA		agg	GNA	out	6	6		day	day	flower	190731	07-31-19	2019-07-31	872019	2019-08-07	19		
256	GNA7_1907231_882019_13.qgd	GNA7	2019	otc	GNA		agg	GNA	out	7	7		day	day	flower	1907231	07-23-19	2019-07-31	882019	2019-08-08	13		
211	Air_SC1_day_190802_882019_02.qgd	Air	2019	otc	SC		ten	Air	air	Air	AirSC1		day	day	air	190802	08-02-19	2019-08-02	882019	2019-08-08	2		
225	AirSC2_day_190802_892019_15.qgd	AirSC2	2019	otc	SC		ten	Air	air	AirSC2	AirSC2		day	day	air	190802	08-02-19	2019-08-02	892019	2019-08-09	15		
263	OTC_A1_day_190802_892019_12.qgd	OTC	2019	otc	SC		ten	OTC	in	A1	A1		day	day	flower	190802	08-02-19	2019-08-02	892019	2019-08-09	12		
265	OTC_A2_day_190802_892019_07.qgd	OTC	2019	otc	SC		ten	OTC	in	A2	A2		day	day	flower	190802	08-02-19	2019-08-02	892019	2019-08-09	7		
261	OCT_B1_day_190802_882019_19.qgd	OCT	2019	otc	SC		ten	OTC	in	B1	B1		day	day	flower	190802	08-02-19	2019-08-02	882019	2019-08-08	19		
268	OTC_B2_day_190802_892019_11.qgd	OTC	2019	otc	SC		ten	OTC	in	B2	B2		day	day	flower	190802	08-02-19	2019-08-02	892019	2019-08-09	11		
271	OTC_C1_day_190802_892019_09.qgd	OTC	2019	otc	SC		ten	OTC	in	C1	C1		day	day	flower	190802	08-02-19	2019-08-02	892019	2019-08-09	9		
274	OTC_C2_day_190802_892019_03.qgd	OTC	2019	otc	SC		ten	OTC	in	C2	C2		day	day	flower	190802	08-02-19	2019-08-02	892019	2019-08-09	3		
277	OTC_C3_day_190802_892019_08.qgd	OTC	2019	otc	SC		ten	OTC	in	C3	C3		day	day	flower	190802	08-02-19	2019-08-02	892019	2019-08-09	8		
279	OTC_D1_day_190802_892019_08.qgd	OTC	2019	otc	SC		ten	OTC	in	D1	D1		day	day	flower	190802	08-02-19	2019-08-02	892019	2019-08-09	8		
281	OTC_E1_day_190802_882019_11.qgd	OTC	2019	otc	SC		ten	OTC	in	E1	E1		day	day	flower	190802	08-02-19	2019-08-02	882019	2019-08-08	11		
283	OTC_E2_day_190802_882019_14.qgd	OTC	2019	otc	SC		ten	OTC	in	E2	E2		day	day	flower	190802	08-02-19	2019-08-02	882019	2019-08-08	14		
287	OTC_E3_day_190802_882019_13.qgd	OTC	2019	otc	SC		ten	OTC	in	E3	E3		day	day	flower	190802	08-02-19	2019-08-02	882019	2019-08-08	13		
264	OTC_A1_leaf_190802_892019_16.qgd	OTC	2019	otc	SC		ten	OTC	in	A1	A1		leaf	day	leaf	190802	08-02-19	2019-08-02	892019	2019-08-09	16		
262	OCT_B1_leaf_190802_882019_16.qgd	OCT	2019	otc	SC		ten	OTC	in	B1	B1		leaf	day	leaf	190802	08-02-19	2019-08-02	882019	2019-08-08	16		
269	OTC_B2_leaf_190802_892019_14.qgd	OTC	2019	otc	SC		ten	OTC	in	B2	B2		leaf	day	leaf	190802	08-02-19	2019-08-02	892019	2019-08-09	14		
272	OTC_C1_leaf_190802_882019_05.qgd	OTC	2019	otc	SC		ten	OTC	in	C1	C1		leaf	day	leaf	190802	08-02-19	2019-08-02	882019	2019-08-08	5		
275	OTC_C2_leaf_190802_892019_03.qgd	OTC	2019	otc	SC		ten	OTC	in	C2	C2		leaf	day	leaf	190802	08-02-19	2019-08-02	892019	2019-08-09	3		
280	OTC_D1_leaf_190802_892019_04.qgd	OTC	2019	otc	SC		ten	OTC	in	D1	D1		leaf	day	leaf	190802	08-02-19	2019-08-02	892019	2019-08-09	4		
284	OTC_E2_leaf_190802_882019_04.qgd	OTC	2019	otc	SC		ten	OTC	in	E2	E1		leaf	day	leaf	190802	08-02-19	2019-08-02	882019	2019-08-08	4		duplicate filename, changed  Sample2 E2 to E1 (matches metadata)
285	OTC_E2_leaf_190802_882019_08.qgd	OTC	2019	otc	SC		ten	OTC	in	E2	E2		leaf	day	leaf	190802	08-02-19	2019-08-02	882019	2019-08-08	8		
288	OTC_E3_leaf_190802_892019_05.qgd	OTC	2019	otc	SC		ten	OTC	in	E3	E3		leaf	day	leaf	190802	08-02-19	2019-08-02	892019	2019-08-09	5		
314	SC1_day_190802_892019_07.qgd	SC1	2019	otc	SC		ten	SC	out	1	1		day	day	flower	190802	08-02-19	2019-08-02	892019	2019-08-09	7		
317	SC10_day_190802_892019_06.qgd	SC10	2019	otc	SC		ten	SC	out	10	10		day	day	flower	190802	08-02-19	2019-08-02	892019	2019-08-09	6		
319	SC2_day_190802_882019_15.qgd	SC2	2019	otc	SC		ten	SC	out	2	2		day	day	flower	190802	08-02-19	2019-08-02	882019	2019-08-08	15		
321	SC3_day_190802_892019_06.qgd	SC3	2019	otc	SC		ten	SC	out	3	3		day	day	flower	190802	08-02-19	2019-08-02	892019	2019-08-09	6		
324	SC4_day_190802_892019_09.qgd	SC4	2019	otc	SC		ten	SC	out	4	4		day	day	flower	190802	08-02-19	2019-08-02	892019	2019-08-09	9		
327	SC5_day_190802_882019_10.qgd	SC5	2019	otc	SC		ten	SC	out	5	5		day	day	flower	190802	08-02-19	2019-08-02	882019	2019-08-08	10		
330	SC6_day_190802_882019_12.qgd	SC6	2019	otc	SC		ten	SC	out	6	6		day	day	flower	190802	08-02-19	2019-08-02	882019	2019-08-08	12		
333	SC7_day_190802_882019_09.qgd	SC7	2019	otc	SC		ten	SC	out	7	7		day	day	flower	190802	08-02-19	2019-08-02	882019	2019-08-08	9		
336	SC8_day_190802_892019_02.qgd	SC8	2019	otc	SC		ten	SC	out	8	8		day	day	flower	190802	08-02-19	2019-08-02	892019	2019-08-09	2		
339	SC9_day_190802_892019_04.qgd	SC9	2019	otc	SC		ten	SC	out	9	9		day	day	flower	190802	08-02-19	2019-08-02	892019	2019-08-09	4		
315	SC1_leaf_190802_882019_06.qgd	SC1	2019	otc	SC		ten	SC	out	1	1		leaf	day	leaf	190802	08-02-19	2019-08-02	882019	2019-08-08	6		
320	SC2_day_leaf_190802_882019_17.qgd	SC2	2019	otc	SC		ten	SC	out	2	2		leaf	day	leaf	190802	08-02-19	2019-08-02	882019	2019-08-08	17		
322	SC3_leaf_190802_892019_02.qgd	SC3	2019	otc	SC		ten	SC	out	3	3		leaf	day	leaf	190802	08-02-19	2019-08-02	892019	2019-08-09	2		
325	SC4_leaf_190802_892019_13.qgd	SC4	2019	otc	SC		ten	SC	out	4	4		leaf	day	leaf	190802	08-02-19	2019-08-02	892019	2019-08-09	13		
328	SC5_leaf_190802_892019_05.qgd	SC5	2019	otc	SC		ten	SC	out	5	5		leaf	day	leaf	190802	08-02-19	2019-08-02	892019	2019-08-09	5		
331	SC6_leaf_190802_882019_03.qgd	SC6	2019	otc	SC		ten	SC	out	6	6		leaf	day	leaf	190802	08-02-19	2019-08-02	882019	2019-08-08	3		
334	SC7_leaf_190802_882019_07.qgd	SC7	2019	otc	SC		ten	SC	out	7	7		leaf	day	leaf	190802	08-02-19	2019-08-02	882019	2019-08-08	7		
337	SC8_leaf_190802_882019_20.qgd	SC8	2019	otc	SC		ten	SC	out	8	8		leaf	day	leaf	190802	08-02-19	2019-08-02	882019	2019-08-08	20		
340	SC9_leaf_190802_892019_10.qgd	SC9	2019	otc	SC		ten	SC	out	9	9		leaf	day	leaf	190802	08-02-19	2019-08-02	892019	2019-08-09	10		
214	Air1_night_190802_892019_10.qgd	Air1	2019	otc	SC		ten	Air	air	Air1	Air1		night	night	air	190802	08-02-19	2019-08-02	892019	2019-08-09	10		
216	Air2_night_190802_892019_11.qgd	Air2	2019	otc	SC		ten	Air	air	Air2	Air2		night	night	air	190802	08-02-19	2019-08-02	892019	2019-08-09	11		
217	Air3_night_190802_8102019_05.qgd	Air3	2019	otc	SC		ten	Air	air	Air3	Air3		night	night	air	190802	08-02-19	2019-08-02	8102019	2019-08-10	5		
266	OTC_A2_night_190802_892019_13.qgd	OTC	2019	otc	SC		ten	OTC	in	A2	A2		night	night	flower	190802	08-02-19	2019-08-02	892019	2019-08-09	13		
267	OTC_B1_night_190802_892019_23.qgd	OTC	2019	otc	SC		ten	OTC	in	B1	B1		night	night	flower	190802	08-02-19	2019-08-02	892019	2019-08-09	23		
270	OTC_B2_night_190802_892019_22.qgd	OTC	2019	otc	SC		ten	OTC	in	B2	B2		night	night	flower	190802	08-02-19	2019-08-02	892019	2019-08-09	22		
273	OTC_C1_night_190802_892019_24.qgd	OTC	2019	otc	SC		ten	OTC	in	C1	C1		night	night	flower	190802	08-02-19	2019-08-02	892019	2019-08-09	24		
276	OTC_C2_night_190802_892019_15.qgd	OTC	2019	otc	SC		ten	OTC	in	C2	C2		night	night	flower	190802	08-02-19	2019-08-02	892019	2019-08-09	15		
278	OTC_C3_night_190802_8102019_03.qgd	OTC	2019	otc	SC		ten	OTC	in	C3	C3		night	night	flower	190802	08-02-19	2019-08-02	8102019	2019-08-10	3		
282	OTC_E1_night_190802_892019_19.qgd	OTC	2019	otc	SC		ten	OTC	in	E1	E1		night	night	flower	190802	08-02-19	2019-08-02	892019	2019-08-09	19		
286	OTC_E2_night_190802_892019_18.qgd	OTC	2019	otc	SC		ten	OTC	in	E2	E2		night	night	flower	190802	08-02-19	2019-08-02	892019	2019-08-09	18		
289	OTC_E3_night_190802_8102019_06.qgd	OTC	2019	otc	SC		ten	OTC	in	E3	E3		night	night	flower	190802	08-02-19	2019-08-02	8102019	2019-08-10	6		
316	SC1_night_190802_892019_16.qgd	SC1	2019	otc	SC		ten	SC	out	1	1		night	night	flower	190802	08-02-19	2019-08-02	892019	2019-08-09	16		
318	SC10_night_190802_892019_12.qgd	SC10	2019	otc	SC		ten	SC	out	10	10		night	night	flower	190802	08-02-19	2019-08-02	892019	2019-08-09	12		
323	SC3_night_190802_892019_17.qgd	SC3	2019	otc	SC		ten	SC	out	3	3		night	night	flower	190802	08-02-19	2019-08-02	892019	2019-08-09	17		
326	SC4_night_190802_8102019_04.qgd	SC4	2019	otc	SC		ten	SC	out	4	4		night	night	flower	190802	08-02-19	2019-08-02	8102019	2019-08-10	4		
329	SC5_night_190802_8102019_02.qgd	SC5	2019	otc	SC		ten	SC	out	5	5		night	night	flower	190802	08-02-19	2019-08-02	8102019	2019-08-10	2		
332	SC6_night_190802_892019_21.qgd	SC6	2019	otc	SC		ten	SC	out	6	6		night	night	flower	190802	08-02-19	2019-08-02	892019	2019-08-09	21		
335	SC7_night_190802_892019_14.qgd	SC7	2019	otc	SC		ten	SC	out	7	7		night	night	flower	190802	08-02-19	2019-08-02	892019	2019-08-09	14		
338	SC8_night_190802_892019_20.qgd	SC8	2019	otc	SC		ten	SC	out	8	8		night	night	flower	190802	08-02-19	2019-08-02	892019	2019-08-09	20		
213	Air1_day_190804_8102019_07.qgd	Air1	2019	otc	GNA		agg	Air	air	Air1	Air1		day	day	air	190804	08-04-19	2019-08-05	8102019	2019-08-10	7		
258	GNA8_leaf_190804_8102019_08.qgd	GNA8	2019	otc	GNA		agg	GNA	out	8	8		leaf	day	leaf	190804	08-04-19	2019-08-05	8102019	2019-08-10	8		
215	Air2_day_190805_8102019_12.qgd	Air2	2019	otc	GNA		agg	Air	air	Air2	Air2		day	day	air	190805	08-05-19	2019-08-05	8102019	2019-08-10	12		
290	OTC_V1_day_190805_8102019_08.qgd	OTC	2019	otc	GNA		agg	OTC	in	V1	V1		day	day	flower	190805	08-05-19	2019-08-05	8102019	2019-08-10	8		
292	OTC_V2_day_190805_8102019_03.qgd	OTC	2019	otc	GNA		agg	OTC	in	V2	V2		day	day	flower	190805	08-05-19	2019-08-05	8102019	2019-08-10	3		
294	OTC_W1_day_190805_8102019_07.qgd	OTC	2019	otc	GNA		agg	OTC	in	W1	W1		day	day	flower	190805	08-05-19	2019-08-05	8102019	2019-08-10	7		
296	OTC_W2_day_190805_8102019_06.qgd	OTC	2019	otc	GNA		agg	OTC	in	W2	W2		day	day	flower	190805	08-05-19	2019-08-05	8102019	2019-08-10	6		
291	OTC_V1_leaf_190805_8102019_01.qgd	OTC	2019	otc	GNA		agg	OTC	in	V1	V1		leaf	day	leaf	190805	08-05-19	2019-08-05	8102019	2019-08-10	1		
293	OTC_V2_leaf_190805_8102019_11.qgd	OTC	2019	otc	GNA		agg	OTC	in	V2	V2		leaf	day	leaf	190805	08-05-19	2019-08-05	8102019	2019-08-10	11		
295	OTC_W1redo_leaf_190805_8102019_10.qgd	OTC	2019	otc	GNA		agg	OTC	in	W1redo	W1redo		leaf	day	leaf	190805	08-05-19	2019-08-05	8102019	2019-08-10	10		
297	OTC_W2_leaf_190805_8102019_09.qgd	OTC	2019	otc	GNA		agg	OTC	in	W2	W2		leaf	day	leaf	190805	08-05-19	2019-08-05	8102019	2019-08-10	9		
301	OTC_X2_leaf_190805_8102019_14.qgd	OTC	2019	otc	GNA		agg	OTC	in	X2	X1		leaf	day	leaf	190805	08-05-19	2019-08-05	8102019	2019-08-10	14		
302	OTC_X2_leaf_190805_8102019_16.qgd	OTC	2019	otc	GNA		agg	OTC	in	X2	X2		leaf	day	leaf	190805	08-05-19	2019-08-05	8102019	2019-08-10	16		
304	OTC_Y1_leaf_190805_8102019_18.qgd	OTC	2019	otc	GNA		agg	OTC	in	Y1	Y1		leaf	day	leaf	190805	08-05-19	2019-08-05	8102019	2019-08-10	18		
306	OTC_Y2_leaf_190805_8102019_20.qgd	OTC	2019	otc	GNA		agg	OTC	in	Y2	Y2		leaf	day	leaf	190805	08-05-19	2019-08-05	8102019	2019-08-10	20		
308	OTC_Z1_leaf_190805_8102019_22.qgd	OTC	2019	otc	GNA		agg	OTC	in	Z1	Z1		leaf	day	leaf	190805	08-05-19	2019-08-05	8102019	2019-08-10	22		
310	OTC_Z2_leaf_190805_8102019_23.qgd	OTC	2019	otc	GNA		agg	OTC	in	Z2	Z2		leaf	day	leaf	190805	08-05-19	2019-08-05	8102019	2019-08-10	23		
243	GNA10_day_190805_8102019_05.qgd	GNA10	2019	otc	GNA		agg	GNA	out	10	10		day	day	flower	190805	08-05-19	2019-08-05	8102019	2019-08-10	5		
257	GNA8_day_190805_8102019_02.qgd	GNA8	2019	otc	GNA		agg	GNA	out	8	8		day	day	flower	190805	08-05-19	2019-08-05	8102019	2019-08-10	2		
259	GNA9_day_190805_8102019_04.qgd	GNA9	2019	otc	GNA		agg	GNA	out	9	9		day	day	flower	190805	08-05-19	2019-08-05	8102019	2019-08-10	4		
244	GNA1redo_leaf_190805_8112019_25.qgd	GNA1redo	2019	otc	GNA		agg	GNA	out	1redo	1redo		leaf	day	leaf	190805	08-05-19	2019-08-05	8112019	2019-08-11	25		
246	GNA2_leaf_190805_8102019_19.qgd	GNA2	2019	otc	GNA		agg	GNA	out	2	2		leaf	day	leaf	190805	08-05-19	2019-08-05	8102019	2019-08-10	19		
248	GNA3_leaf_190805_8102019_21.qgd	GNA3	2019	otc	GNA		agg	GNA	out	3	3		leaf	day	leaf	190805	08-05-19	2019-08-05	8102019	2019-08-10	21		
250	GNA4_leaf_190805_8102019_13.qgd	GNA4	2019	otc	GNA		agg	GNA	out	4	4		leaf	day	leaf	190805	08-05-19	2019-08-05	8102019	2019-08-10	13		
252	GNA5_leaf_190805_8102019_17.qgd	GNA5	2019	otc	GNA		agg	GNA	out	5	5		leaf	day	leaf	190805	08-05-19	2019-08-05	8102019	2019-08-10	17		
253	GNA5redo_leaf_190805_8112019_17.qgd	GNA5redo	2019	otc	GNA		agg	GNA	out	5redo	5redo	nm	leaf	day	leaf	190805	08-05-19	2019-08-05	8112019	2019-08-11	17		
255	GNA6_leaf_190805_8102019_15.qgd	GNA6	2019	otc	GNA		agg	GNA	out	6	6		leaf	day	leaf	190805	08-05-19	2019-08-05	8102019	2019-08-10	15		
260	GNA9_leaf_190805_8102019_09.qgd	GNA9	2019	otc	GNA		agg	GNA	out	9	9		leaf	day	leaf	190805	08-05-19	2019-08-05	8102019	2019-08-10	9		
48	AirC1Aug10_08292018.qgd	AirC1Aug10	2018	perc		cool		Air		C1	AirC1			day	air	Aug10	Aug 10 2018	2018-08-10	8292018	2018-08-29			
49	AirC2Aug10_08292018.qgd	AirC2Aug10	2018	perc		cool		Air		C2	AirC2			day	air	Aug10	Aug 10 2018	2018-08-10	8292018	2018-08-29			
59	AirW1Aug10_08292018.qgd	AirW1Aug10	2018	perc		warm		Air		W1	AirW1			day	air	Aug10	Aug 10 2018	2018-08-10	8292018	2018-08-29			
60	AirW2Aug10_08292018.qgd	AirW2Aug10	2018	perc		warm		Air		W2	AirW2			day	air	Aug10	Aug 10 2018	2018-08-10	8292018	2018-08-29			
2	A117DCoolAug10_08292018.qgd	A117DCoolAug10	2018	perc			agg	A		117D	A117		day	day	flower	Aug10	Aug 10 2018	2018-08-10	8292018	2018-08-29			
5	A128DWarmAug10_08292018.qgd	A128DWarmAug10	2018	perc			agg	A		128D	A128		day	day	flower	Aug10	Aug 10 2018	2018-08-10	8292018	2018-08-29			
9	A139DCoolAug10_08292018.qgd	A139DCoolAug10	2018	perc			agg	A		139D	A139		day	day	flower	Aug10	Aug 10 2018	2018-08-10	8292018	2018-08-29			
12	A141DWarmAug10_08292018.qgd	A141DWarmAug10	2018	perc			agg	A		141D	A141		day	day	flower	Aug10	Aug 10 2018	2018-08-10	8292018	2018-08-29			
14	A141redoDWarmAug10_08292018.qgd	A141redoDWarmAug10	2018	perc			agg	A		141Dredo	A141redo		day	day	flower	Aug10	Aug 10 2018	2018-08-10	8292018	2018-08-29			
18	A179DCoolAug10_08292018.qgd	A179DCoolAug10	2018	perc			agg	A		179D	A179		day	day	flower	Aug10	Aug 10 2018	2018-08-10	8292018	2018-08-29			
22	A188DCoolAug10_08292018.qgd	A188DCoolAug10	2018	perc			agg	A		188D	A188		day	day	flower	Aug10	Aug 10 2018	2018-08-10	8292018	2018-08-29			
27	A198DWarmAug10_08292018.qgd	A198DWarmAug10	2018	perc			agg	A		198D	A198		day	day	flower	Aug10	Aug 10 2018	2018-08-10	8292018	2018-08-29			
31	A200DCoolAug10_08292018.qgd	A200DCoolAug10	2018	perc			agg	A		200D	A200		day	day	flower	Aug10	Aug 10 2018	2018-08-10	8292018	2018-08-29			
34	A74DWarmAug10_08292018.qgd	A74DWarmAug10	2018	perc			agg	A		74D	A74		day	day	flower	Aug10	Aug 10 2018	2018-08-10	8292018	2018-08-29			
149	T119DCoolAug10_08292018.qgd	T119DCoolAug10	2018	perc			ten	T		119D	T119		day	day	flower	Aug10	Aug 10 2018	2018-08-10	8292018	2018-08-29			
153	T132DWarmAug10_08292018.qgd	T132DWarmAug10	2018	perc			ten	T		132D	T132		day	day	flower	Aug10	Aug 10 2018	2018-08-10	8292018	2018-08-29			
157	T145DWarmAug10_08292018.qgd	T145DWarmAug10	2018	perc			ten	T		145D	T145		day	day	flower	Aug10	Aug 10 2018	2018-08-10	8292018	2018-08-29			
160	T153DWarmAug10_08292018.qgd	T153DWarmAug10	2018	perc			ten	T		153D	T153		day	day	flower	Aug10	Aug 10 2018	2018-08-10	8292018	2018-08-29			
163	T167DWarmAug10_08292018.qgd	T167DWarmAug10	2018	perc			ten	T		167D	T167		day	day	flower	Aug10	Aug 10 2018	2018-08-10	8292018	2018-08-29			
166	T174DAug10_08292018.qgd	T174DAug10	2018	perc			ten	T		174D	T174		day	day	flower	Aug10	Aug 10 2018	2018-08-10	8292018	2018-08-29			
169	T186DCoolAug10_08292018.qgd	T186DCoolAug10	2018	perc			ten	T		186D	T186		day	day	flower	Aug10	Aug 10 2018	2018-08-10	8292018	2018-08-29			
174	T196DCoolAug10_08292018.qgd	T196DCoolAug10	2018	perc			ten	T		196D	T196		day	day	flower	Aug10	Aug 10 2018	2018-08-10	8292018	2018-08-29			
179	T72DCoolAug10_08292018.qgd	T72DCoolAug10	2018	perc			ten	T		72D	T72		day	day	flower	Aug10	Aug 10 2018	2018-08-10	8292018	2018-08-29			
50	AirC3NAug10_08292018.qgd	AirC3NAug10	2018	perc		cool		Air		C3N	AirC3			night	air	Aug10	Aug 10 2018	2018-08-10	8292018	2018-08-29			
51	AirC4Aug10_08302018.qgd	AirC4Aug10	2018	perc		cool		Air		C4	AirC4			night	air	Aug10	Aug 10 2018	2018-08-10	8302018	2018-08-30			
61	AirW3NAug10_08292018.qgd	AirW3NAug10	2018	perc		warm		Air		W3N	AirW3			night	air	Aug10	Aug 10 2018	2018-08-10	8292018	2018-08-29			
62	AirW4Aug10_08302018.qgd	AirW4Aug10	2018	perc		warm		Air		W4	AirW4			night	air	Aug10	Aug 10 2018	2018-08-10	8302018	2018-08-30			
3	A117NAug10_08302018.qgd	A117NAug10	2018	perc			agg	A		117N	A117		night	night	flower	Aug10	Aug 10 2018	2018-08-10	8302018	2018-08-30			
6	A128NAug10_08292018.qgd	A128NAug10	2018	perc			agg	A		128N	A128		night	night	flower	Aug10	Aug 10 2018	2018-08-10	8292018	2018-08-29			
10	A139NAug10_08302018.qgd	A139NAug10	2018	perc			agg	A		139N	A139		night	night	flower	Aug10	Aug 10 2018	2018-08-10	8302018	2018-08-30			
13	A141NAug10_08302018.qgd	A141NAug10	2018	perc			agg	A		141N	A141		night	night	flower	Aug10	Aug 10 2018	2018-08-10	8302018	2018-08-30			
19	A179NAug10_08302018.qgd	A179NAug10	2018	perc			agg	A		179N	A179		night	night	flower	Aug10	Aug 10 2018	2018-08-10	8302018	2018-08-30			
24	A188NAug10_08292018.qgd	A188NAug10	2018	perc			agg	A		188N	A188		night	night	flower	Aug10	Aug 10 2018	2018-08-10	8292018	2018-08-29			
28	A198NAug10_08292018.qgd	A198NAug10	2018	perc			agg	A		198N	A198		night	night	flower	Aug10	Aug 10 2018	2018-08-10	8292018	2018-08-29			
32	A200NAug10_08302018.qgd	A200NAug10	2018	perc			agg	A		200N	A200		night	night	flower	Aug10	Aug 10 2018	2018-08-10	8302018	2018-08-30			
35	A74NAug10_08292018.qgd	A74NAug10	2018	perc			agg	A		74N	A74		night	night	flower	Aug10	Aug 10 2018	2018-08-10	8292018	2018-08-29			
150	T119NAug10_08292018.qgd	T119NAug10	2018	perc			ten	T		119N	T119		night	night	flower	Aug10	Aug 10 2018	2018-08-10	8292018	2018-08-29			
154	T132NAug10_08302018.qgd	T132NAug10	2018	perc			ten	T		132N	T132		night	night	flower	Aug10	Aug 10 2018	2018-08-10	8302018	2018-08-30			
158	T145NAug10_08292018.qgd	T145NAug10	2018	perc			ten	T		145N	T145		night	night	flower	Aug10	Aug 10 2018	2018-08-10	8292018	2018-08-29			
161	T153NAug10_08302018.qgd	T153NAug10	2018	perc			ten	T		153N	T153		night	night	flower	Aug10	Aug 10 2018	2018-08-10	8302018	2018-08-30			
164	T167NAug10_08302018.qgd	T167NAug10	2018	perc			ten	T		167N	T167		night	night	flower	Aug10	Aug 10 2018	2018-08-10	8302018	2018-08-30			
167	T174NAug10_08302018.qgd	T174NAug10	2018	perc			ten	T		174N	T174		night	night	flower	Aug10	Aug 10 2018	2018-08-10	8302018	2018-08-30			
170	T186NAug10_08302018.qgd	T186NAug10	2018	perc			ten	T		186N	T186		night	night	flower	Aug10	Aug 10 2018	2018-08-10	8302018	2018-08-30			
176	T196NAug10_08302018.qgd	T196NAug10	2018	perc			ten	T		196N	T196		night	night	flower	Aug10	Aug 10 2018	2018-08-10	8302018	2018-08-30			
172	T1962NAug10_08302018.qgd	T1962NAug10	2018	perc			ten	T		1962N	T196redo		night	night	flower	Aug10	Aug 10 2018	2018-08-10	8302018	2018-08-30			
180	T72NAug10_08292018.qgd	T72NAug10	2018	perc			ten	T		72N	T72		night	night	flower	Aug10	Aug 10 2018	2018-08-10	8292018	2018-08-29			
17	A179DAug15_09012018.qgd	A179DAug15	2018	perc			agg	A		179D	A179		day	day	flower	Aug15	Aug 15 2018	2018-08-16	9012018	2018-09-01			
44	AirC11Aug15_09012018.qgd	AirC11Aug15	2018	perc		cool		Air		C11	AirC11			night	air	Aug15	Aug 15 2018	2018-08-15	9012018	2018-09-01			
45	AirC12Aug15_09012018.qgd	AirC12Aug15	2018	perc		cool		Air		C12	AirC12			night	air	Aug15	Aug 15 2018	2018-08-15	9012018	2018-09-01			
55	AirW11Aug15_09012018.qgd	AirW11Aug15	2018	perc		warm		Air		W11	AirW11			night	air	Aug15	Aug 15 2018	2018-08-15	9012018	2018-09-01			
56	AirW12Aug15_09012018.qgd	AirW12Aug15	2018	perc		warm		Air		W12	AirW12			night	air	Aug15	Aug 15 2018	2018-08-15	9012018	2018-09-01			
7	A128NAug15_09012018.qgd	A128NAug15	2018	perc			agg	A		128N	A128		night	night	flower	Aug15	Aug 15 2018	2018-08-15	9012018	2018-09-01			
11	A139NAug15_09012018.qgd	A139NAug15	2018	perc			agg	A		139N	A139		night	night	flower	Aug15	Aug 15 2018	2018-08-15	9012018	2018-09-01			
16	A150NAug15_09012018.qgd	A150NAug15	2018	perc			agg	A		150N	A150		night	night	flower	Aug15	Aug 15 2018	2018-08-15	9012018	2018-09-01			
20	A179NAug15_09012018.qgd	A179NAug15	2018	perc			agg	A		179N	A179		night	night	flower	Aug15	Aug 15 2018	2018-08-15	9012018	2018-09-01			
25	A188NAug15_09012018.qgd	A188NAug15	2018	perc			agg	A		188N	A188		night	night	flower	Aug15	Aug 15 2018	2018-08-15	9012018	2018-09-01			
29	A198NAug15_09012018.qgd	A198NAug15	2018	perc			agg	A		198N	A198		night	night	flower	Aug15	Aug 15 2018	2018-08-15	9012018	2018-09-01			
33	A200NAug15_09012018.qgd	A200NAug15	2018	perc			agg	A		200N	A200		night	night	flower	Aug15	Aug 15 2018	2018-08-15	9012018	2018-09-01			
151	T119NAug15_09012018.qgd	T119NAug15	2018	perc			ten	T		119N	T119		night	night	flower	Aug15	Aug 15 2018	2018-08-15	9012018	2018-09-01			
155	T132NAug15_09012018.qgd	T132NAug15	2018	perc			ten	T		132N	T132		night	night	flower	Aug15	Aug 15 2018	2018-08-15	9012018	2018-09-01			
159	T145NAug15_09012018.qgd	T145NAug15	2018	perc			ten	T		145N	T145		night	night	flower	Aug15	Aug 15 2018	2018-08-15	9012018	2018-09-01			
165	T167NAug15_09012018.qgd	T167NAug15	2018	perc			ten	T		167N	T167		night	night	flower	Aug15	Aug 15 2018	2018-08-15	9012018	2018-09-01			
171	T186NAug15_09012018.qgd	T186NAug15	2018	perc			ten	T		186N	T186		night	night	flower	Aug15	Aug 15 2018	2018-08-15	9012018	2018-09-01			
177	T196NAug15_09012018.qgd	T196NAug15	2018	perc			ten	T		196N	T196		night	night	flower	Aug15	Aug 15 2018	2018-08-15	9012018	2018-09-01			
181	T72NAug15_09012018.qgd	T72NAug15	2018	perc			ten	T		72N	T72		night	night	flower	Aug15	Aug 15 2018	2018-08-15	9012018	2018-09-01			
46	AirC13Aug16_08312018.qgd	AirC13Aug16	2018	perc		cool		Air		C13	AirC13			day	air	Aug16	Aug 16 2018	2018-08-16	8312018	2018-08-31			
47	AirC14DAug16_09012018.qgd	AirC14DAug16	2018	perc		cool		Air		C14D	AirC14			day	air	Aug16	Aug 16 2018	2018-08-16	9012018	2018-09-01			
57	AirW13Aug16_08312018.qgd	AirW13Aug16	2018	perc		warm		Air		W13	AirW13			day	air	Aug16	Aug 16 2018	2018-08-16	8312018	2018-08-31			
58	AirW14Aug16_09012018.qgd	AirW14Aug16	2018	perc		warm		Air		W14	AirW14			day	air	Aug16	Aug 16 2018	2018-08-16	9012018	2018-09-01			
1	A117DAug16_09012018.qgd	A117DAug16	2018	perc			agg	A		117D	A117		day	day	flower	Aug16	Aug 16 2018	2018-08-16	9012018	2018-09-01			
4	A128DAug16_09012018.qgd	A128DAug16	2018	perc			agg	A		128D	A128		day	day	flower	Aug16	Aug 16 2018	2018-08-16	9012018	2018-09-01			
8	A139DAug16_09012018.qgd	A139DAug16	2018	perc			agg	A		139D	A139		day	day	flower	Aug16	Aug 16 2018	2018-08-16	9012018	2018-09-01			
15	A150DAug16_09012018.qgd	A150DAug16	2018	perc			agg	A		150D	A150		day	day	flower	Aug16	Aug 16 2018	2018-08-16	9012018	2018-09-01			
21	A188DAug16_09012018.qgd	A188DAug16	2018	perc			agg	A		188D	A188		day	day	flower	Aug16	Aug 16 2018	2018-08-16	9012018	2018-09-01			
23	A188DredoAug16renamed_09022018.qgd	A188DredoAug16renamed	2018	perc			agg	A		188Dredo	A188redo	nm	day	day	flower	Aug16renamed	Aug 16 2018	2018-08-16	9022018	2018-09-02			
26	A198DAug16_09012018.qgd	A198DAug16	2018	perc			agg	A		198D	A198		day	day	flower	Aug16	Aug 16 2018	2018-08-16	9012018	2018-09-01			
30	A200DAug16_09012018.qgd	A200DAug16	2018	perc			agg	A		200D	A200		day	day	flower	Aug16	Aug 16 2018	2018-08-16	9012018	2018-09-01			
152	T132DAug16_09012018.qgd	T132DAug16	2018	perc			ten	T		132D	T132		day	day	flower	Aug16	Aug 16 2018	2018-08-16	9012018	2018-09-01			
156	T145DAug16_09012018.qgd	T145DAug16	2018	perc			ten	T		145D	T145		day	day	flower	Aug16	Aug 16 2018	2018-08-16	9012018	2018-09-01			
162	T167DAug16_09012018.qgd	T167DAug16	2018	perc			ten	T		167D	T167		day	day	flower	Aug16	Aug 16 2018	2018-08-16	9012018	2018-09-01			
168	T186DAug16_09012018.qgd	T186DAug16	2018	perc			ten	T		186D	T186		day	day	flower	Aug16	Aug 16 2018	2018-08-16	9012018	2018-09-01			
173	T196DAug16_09012018.qgd	T196DAug16	2018	perc			ten	T		196D	T196		day	day	flower	Aug16	Aug 16 2018	2018-08-16	9012018	2018-09-01			
175	T196DredoAug16_09022018.qgd	T196DredoAug16	2018	perc			ten	T		196Dredo	T196redo	nm	day	day	flower	Aug16	Aug 16 2018	2018-08-16	9022018	2018-09-02			
178	T72DAug16_09012018.qgd	T72DAug16	2018	perc			ten	T		72D	T72		day	day	flower	Aug16	Aug 16 2018	2018-08-16	9012018	2018-09-01			
148	T119DAug17_08312018.qgd	T119DAug17	2018	perc			ten	T		119D	T119		day	day	flower	Aug17	Aug 17 2018	2018-08-16	8312018	2018-08-31			
219	AirC10_1907231_882019_18.qgd	AirC10	2019	perc		cool		Air		AirC10	AirC10			day	air	1907231	07-23-19	2019-07-31	882019	2019-08-08	18		
227	AirW10_1907231_882019_14.qgd	AirW10	2019	perc		warm		Air		AirW10	AirW10			day	air	1907231	07-23-19	2019-07-31	882019	2019-08-08	14		
183	A15_leaf_1907231_882019_15.qgd	A15	2019	perc			agg	A		A15	A15		leaf	day	leaf	1907231	07-23-19	2019-07-31	882019	2019-08-08	15		
191	A54_leaf_1907231_882019_17.qgd	A54	2019	perc			agg	A		A54	A54		leaf	day	leaf	1907231	07-23-19	2019-07-31	882019	2019-08-08	17		
199	A79_leaf_1907231_882019_19.qgd	A79	2019	perc			agg	A		A79	A79		leaf	day	leaf	1907231	07-23-19	2019-07-31	882019	2019-08-08	19		
381	T19_leaf_1907231_882019_16.qgd	T19	2019	perc			ten	T		T19	T119		leaf	day	leaf	1907231	07-23-19	2019-07-31	882019	2019-08-08	16		
218	AirC1_night_190724_862019_14.qgd	AirC1	2019	perc		cool		Air		AirC1	AirC1		night	night	air	190724	07-24-19	2019-07-24	862019	2019-08-06	14		
220	AirC2_night_190724_872019_17.qgd	AirC2	2019	perc		cool		Air		AirC2	AirC2		night	night	air	190724	07-24-19	2019-07-24	872019	2019-08-07	17		
226	AirW1_night_190724_862019_13.qgd	AirW1	2019	perc		warm		Air		AirW1	AirW1		night	night	air	190724	07-24-19	2019-07-25	862019	2019-08-06	13		
228	AirW2_night_190724_872019_14.qgd	AirW2	2019	perc		warm		Air		AirW2	AirW2		night	night	air	190724	07-24-19	2019-07-25	872019	2019-08-07	14		
186	A32_night_190724_872019_08.qgd	A32	2019	perc			agg	A		A32	A32		night	night	flower	190724	07-24-19	2019-07-25	872019	2019-08-07	8		
188	A38_night_190724_872019_05.qgd	A38	2019	perc			agg	A		A38	A38		night	night	flower	190724	07-24-19	2019-07-25	872019	2019-08-07	5		
192	A54_night_190724_862019_18.qgd	A54	2019	perc			agg	A		A54	A54		night	night	flower	190724	07-24-19	2019-07-25	862019	2019-08-06	18		
197	A78_night_190724_872019_13.qgd	A78	2019	perc			agg	A		A78	A78		night	night	flower	190724	07-24-19	2019-07-25	872019	2019-08-07	13		
206	A91_night_190724_872019_04.qgd	A91	2019	perc			agg	A		A91	A91		night	night	flower	190724	07-24-19	2019-07-24	872019	2019-08-07	4		
208	A92_night_190724_872019_09.qgd	A92	2019	perc			agg	A		A92	A92		night	night	flower	190724	07-24-19	2019-07-24	872019	2019-08-07	9		
360	T119_night_190724_872019_07.qgd	T119	2019	perc			ten	T		T119	T119		night	night	flower	190724	07-24-19	2019-07-24	872019	2019-08-07	7		
362	T128_night_190724_872019_10.qgd	T128	2019	perc			ten	T		T128	T128		night	night	flower	190724	07-24-19	2019-07-24	872019	2019-08-07	10		
364	T139_night_190724_862019_17.qgd	T139	2019	perc			ten	T		T139	T139		night	night	flower	190724	07-24-19	2019-07-24	862019	2019-08-06	17		
367	T141_night_190724_872019_06.qgd	T141	2019	perc			ten	T		T141	T141		night	night	flower	190724	07-24-19	2019-07-25	872019	2019-08-07	6		
368	T141redo_night_190724_872019_16.qgd	T141redo	2019	perc			ten	T		T141redo	T141redo		night	night	flower	190724	07-24-19	2019-07-25	872019	2019-08-07	16		
370	T144_night_190724_872019_15.qgd	T144	2019	perc			ten	T		T144	T144		night	night	flower	190724	07-24-19	2019-07-25	872019	2019-08-07	15		
373	T164_night_190724_862019_15.qgd	T164	2019	perc			ten	T		T164	T164		night	night	flower	190724	07-24-19	2019-07-25	862019	2019-08-06	15		
376	T173_night_190724_862019_16.qgd	T173	2019	perc			ten	T		T173	T173		night	night	flower	190724	07-24-19	2019-07-24	862019	2019-08-06	16		
378	T176_night_190724_872019_11.qgd	T176	2019	perc			ten	T		T176	T176		night	night	flower	190724	07-24-19	2019-07-25	872019	2019-08-07	11		
383	T193_night_190724_872019_12.qgd	T193	2019	perc			ten	T		T193	T193		night	night	flower	190724	07-24-19	2019-07-24	872019	2019-08-07	12		
221	AirC3_day_190725_862019_02.qgd	AirC3	2019	perc		cool		Air		AirC3	AirC3		day	day	air	190725	07-25-19	2019-07-25	862019	2019-08-06	2		
222	AirC4_day_190725_862019_06.qgd	AirC4	2019	perc		cool		Air		AirC4	AirC4		day	day	air	190725	07-25-19	2019-07-25	862019	2019-08-06	6		
229	AirW3_day_190725_862019_03.qgd	AirW3	2019	perc		warm		Air		AirW3	AirW3		day	day	air	190725	07-25-19	2019-07-25	862019	2019-08-06	3		
230	AirW4_day_190725_862019_08.qgd	AirW4	2019	perc		warm		Air		AirW4	AirW4		day	day	air	190725	07-25-19	2019-07-29	862019	2019-08-06	8		
185	A32_day_190725_862019_11.qgd	A32	2019	perc			agg	A		A32	A32		day	day	flower	190725	07-25-19	2019-07-25	862019	2019-08-06	11		
187	A38_day_190725_862019_03.qgd	A38	2019	perc			agg	A		A38	A38		day	day	flower	190725	07-25-19	2019-07-25	862019	2019-08-06	3		
189	A38redo_day_190725_872019_03.qgd	A38redo	2019	perc			agg	A		A38redo	A38redo	nm	day	day	flower	190725	07-25-19	2019-07-25	872019	2019-08-07	3		
190	A54_day_190725_862019_07.qgd	A54	2019	perc			agg	A		A54	A54		day	day	flower	190725	07-25-19	2019-07-25	862019	2019-08-06	7		
196	A78_day_190725_862019_09.qgd	A78	2019	perc			agg	A		A78	A78		day	day	flower	190725	07-25-19	2019-07-25	862019	2019-08-06	9		
198	A79_day_190725_862019_09.qgd	A79	2019	perc			agg	A		A79	A79		day	day	flower	190725	07-25-19	2019-07-25	862019	2019-08-06	9		
203	A91_day_190725_862019_08.qgd	A91	2019	perc			agg	A		A91	A91		day	day	flower	190725	07-25-19	2019-07-25	862019	2019-08-06	8		
207	A92_day_190725_862019_12.qgd	A92	2019	perc			agg	A		A92	A92		day	day	flower	190725	07-25-19	2019-07-25	862019	2019-08-06	12		
209	A95_day_190725_862019_12.qgd	A95	2019	perc			agg	A		A95	A95		day	day	flower	190725	07-25-19	2019-07-25	862019	2019-08-06	12		
194	A76_leaf_190725_882019_06.qgd	A76	2019	perc			agg	A		A76	A76		leaf	day	leaf	190725	07-25-19	2019-07-29	882019	2019-08-08	6		
204	A91_leaf_190725_882019_02.qgd	A91	2019	perc			agg	A		A91	A91	nm	leaf	day	leaf	190725	07-25-19	2019-07-25	882019	2019-08-08	2		
210	A95_leaf_190725_882019_04.qgd	A95	2019	perc			agg	A		A95	A95		leaf	day	leaf	190725	07-25-19	2019-07-29	882019	2019-08-08	4		
359	T119_day_190725_862019_10.qgd	T119	2019	perc			ten	T		T119	T119		day	day	flower	190725	07-25-19	2019-07-25	862019	2019-08-06	10		
361	T128_day_190725_862019_02.qgd	T128	2019	perc			ten	T		T128	T128		day	day	flower	190725	07-25-19	2019-07-25	862019	2019-08-06	2		
363	T139_day_190725_862019_06.qgd	T139	2019	perc			ten	T		T139	T139		day	day	flower	190725	07-25-19	2019-07-25	862019	2019-08-06	6		
365	T141_day_190725_862019_07.qgd	T141	2019	perc			ten	T		T141	T141		day	day	flower	190725	07-25-19	2019-07-25	862019	2019-08-06	7		
369	T144_day_190725_862019_11.qgd	T144	2019	perc			ten	T		T144	T144		day	day	flower	190725	07-25-19	2019-07-25	862019	2019-08-06	11		
371	T164_day_190725_862019_05.qgd	T164	2019	perc			ten	T		T164	T164		day	day	flower	190725	07-25-19	2019-07-25	862019	2019-08-06	5		
374	T173_day_190725_862019_04.qgd	T173	2019	perc			ten	T		T173	T173		day	day	flower	190725	07-25-19	2019-07-25	862019	2019-08-06	4		
377	T176_day_190725_862019_05.qgd	T176	2019	perc			ten	T		T176	T176		day	day	flower	190725	07-25-19	2019-07-25	862019	2019-08-06	5		
379	T188_day_190725_862019_10.qgd	T188	2019	perc			ten	T		T188	T118		day	day	flower	190725	07-25-19	2019-07-25	862019	2019-08-06	10		
382	T193_day_190725_862019_04.qgd	T193	2019	perc			ten	T		T193	T193		day	day	flower	190725	07-25-19	2019-07-25	862019	2019-08-06	4		
375	T173_leaf_190725_882019_03.qgd	T173	2019	perc			ten	T		T173	T173		leaf	day	leaf	190725	07-25-19	2019-07-29	882019	2019-08-08	3		
380	T188_leaf_190725_882019_05.qgd	T188	2019	perc			ten	T		T188	T188		leaf	day	leaf	190725	07-25-19	2019-07-29	882019	2019-08-08	5		
223	AirC5_day_190729_872019_20.qgd	AirC5	2019	perc		cool		Air		AirC5	AirC5		day	day	air	190729	07-29-19	2019-07-25	872019	2019-08-07	20		
231	AirW8_190729_882019_10.qgd	AirW8	2019	perc		warm		Air		AirW8	AirW8			day	air	190729	07-29-19	2019-07-29	882019	2019-08-08	10		
182	A15_day_190729_872019_19.qgd	A15	2019	perc			agg	A		A15	A15		day	day	flower	190729	07-29-19	2019-07-25	872019	2019-08-07	19		
193	A76_day_190729_872019_02.qgd	A76	2019	perc			agg	A		A76	A76		day	day	flower	190729	07-29-19	2019-07-25	872019	2019-08-07	2		
200	A80_day_190729_872019_18.qgd	A80	2019	perc			agg	A		A80	A80		day	day	flower	190729	07-29-19	2019-07-29	872019	2019-08-07	18		
201	A80_leaf_190729_882019_09.qgd	A80	2019	perc			agg	A		A80	A80		leaf	day	leaf	190729	07-29-19	2019-07-29	882019	2019-08-08	9		
205	A91_leaf_190729_882019_11.qgd	A91	2019	perc			agg	A		A91	A91		leaf	day	leaf	190729	07-29-19	2019-07-29	882019	2019-08-08	11		
385	unreadable40_leaf_190729_882019_08.qgd	unreadable40	2019	perc			ten	T		T140	T140		leaf	day	leaf	190729	07-29-19	2019-07-29	882019	2019-08-08	8		
366	T141_leaf_190729_882019_12.qgd	T141	2019	perc			ten	T		T141	T141		leaf	day	leaf	190729	07-29-19	2019-07-29	882019	2019-08-08	12		
384	T38_leaf_190729_882019_07.qgd	T38	2019	perc			agg	A		T38	A38		leaf	day	leaf	190729	07-29-19	2019-07-29	882019	2019-08-08	7		
224	AirCN3_night_190729_872019_05.qgd	AirCN3	2019	perc		cool		Air		AirCN3	AirCN3		night	night	air	190729	07-29-19	2019-07-29	872019	2019-08-07	5		
184	A15_night_190729_872019_03.qgd	A15	2019	perc			agg	A		A15	A15		night	night	flower	190729	07-29-19	2019-07-29	872019	2019-08-07	3		
195	A76_night_190729_872019_04.qgd	A76	2019	perc			agg	A		A76	A76		night	night	flower	190729	07-29-19	2019-07-29	872019	2019-08-07	4		
202	A80_night_190729_872019_02.qgd	A80	2019	perc			agg	A		A80	A80		night	night	flower	190729	07-29-19	2019-07-29	872019	2019-08-07	2		
372	T164_leaf_190731_882019_18.qgd	T164	2019	perc			ten	T		T164	T164		leaf	day	leaf	190731	07-31-19	2019-07-31	882019	2019-08-08	18		
341	SCH_V12_8132019_16.qgd	SCH	2019					Schiedea		V12	V12	nm							8132019	2019-08-13	16		
342	SCH_V30_8132019_17.qgd	SCH	2019					Schiedea		V30	V30	nm							8132019	2019-08-13	17		
343	SCH_V33_8132019_18.qgd	SCH	2019					Schiedea		V33	V33	nm							8132019	2019-08-13	18		
344	SCH_V5_8132019_09.qgd	SCH	2019					Schiedea		V5	V5	nm							8132019	2019-08-13	9		
345	SCH_V50_8132019_19.qgd	SCH	2019					Schiedea		V50	V50	nm							8132019	2019-08-13	19		
346	SCH_V51_8132019_20.qgd	SCH	2019					Schiedea		V51	V51	nm							8132019	2019-08-13	20		
347	SCH_V55_8132019_22.qgd	SCH	2019					Schiedea		V55	V55	nm							8132019	2019-08-13	22		
348	SCH_V57_8132019_23.qgd	SCH	2019					Schiedea		V57	V57	nm							8132019	2019-08-13	23		
349	SCH_V64_8132019_24.qgd	SCH	2019					Schiedea		V64	V64	nm							8132019	2019-08-13	24		
350	SCH_V66_8132019_25.qgd	SCH	2019					Schiedea		V66	V66	nm							8132019	2019-08-13	25		
351	SCH_V72_8132019_21.qgd	SCH	2019					Schiedea		V72	V72	nm							8132019	2019-08-13	21		
352	SCH_V74_8132019_26.qgd	SCH	2019					Schiedea		V74	V74	nm							8132019	2019-08-13	26		
353	SCH_V79_8132019_12.qgd	SCH	2019					Schiedea		V79	V79	nm							8132019	2019-08-13	12		
354	SCH_V8_8132019_10.qgd	SCH	2019					Schiedea		V8	V8	nm							8132019	2019-08-13	10		
355	SCH_V87_8132019_13.qgd	SCH	2019					Schiedea		V87	V87	nm							8132019	2019-08-13	13		
356	SCH_V9_8132019_11.qgd	SCH	2019					Schiedea		V9	V9	nm							8132019	2019-08-13	11		
357	SCH_V90_8132019_14.qgd	SCH	2019					Schiedea		V90	V90	nm							8132019	2019-08-13	14		
358	SCH_V99_8132019_15.qgd	SCH	2019					Schiedea		V99	V99	nm							8132019	2019-08-13	15		
63	Bake_08292018.qgd	Bake	2018					Bake				nm							8292018	2018-08-29			
64	Bake_09012018.qgd	Bake	2018					Bake				nm							9012018	2018-09-01			
65	BakerenamedJuly27_09022018.qgd	BakerenamedJuly27	2018					Bake				nm				July27			9022018	2018-09-02			
66	Blank_08302018.qgd	Blank	2018					Blank				nm							8302018	2018-08-30			
67	Blank_08312018.qgd	Blank	2018					Blank				nm							8312018	2018-08-31			
68	Blank_09012018.qgd	Blank	2018					Blank				nm							9012018	2018-09-01			
69	Blank_09022018.qgd	Blank	2018					Blank				nm							9022018	2018-09-02			
70	Blank2_08292018.qgd	Blank2	2018					Blank				nm							8292018	2018-08-29			
71	Blank2_08302018.qgd	Blank2	2018					Blank				nm							8302018	2018-08-30			
72	Blank2_08312018.qgd	Blank2	2018					Blank				nm							8312018	2018-08-31			
232	Blank1_8102019_01.qgd	Blank1	2019					Blank				nm							8102019	2019-08-10	1		
233	Blank1_862019_01.qgd	Blank1	2019					Blank				nm							862019	2019-08-06	1		
234	Blank1_872019_01.qgd	Blank1	2019					Blank				nm							872019	2019-08-07	1		
235	Blank1_872019_02.qgd	Blank1	2019					Blank				nm							872019	2019-08-07	2		
236	Blank1_882019_01.qgd	Blank1	2019					Blank				nm							882019	2019-08-08	1		
237	Blank1_882019_02.qgd	Blank1	2019					Blank				nm							882019	2019-08-08	2		
238	Blank1_892019_01.qgd	Blank1	2019					Blank				nm							892019	2019-08-09	1		
239	Blank1_892019_02.qgd	Blank1	2019					Blank				nm							892019	2019-08-09	2		
240	Blank2_8132019_08.qgd	Blank2	2019					Blank				nm							8132019	2019-08-13	8		
241	Blank2_862019_01.qgd	Blank2	2019					Blank				nm							862019	2019-08-06	1		